voucherCode,voucherDate,voucherAmount
PD15,2022-01-15,50
PD15,2022-02-15,50
PD15,2022-03-15,50
PD15,2022-04-15,50
PD15,2022-05-15,50
PD15,2022-06-15,50
PD15,2022-07-15,50
PD15,2022-08-15,50
PD15,2022-09-15,50
PD15,2022-10-15,50
PD15,2022-11-15,50
PD15,2022-12-15,50
PD15,2023-01-15,50
PD15,2023-02-15,50
PD15,2023-03-15,50
PD15,2023-04-15,50
PD15,2023-05-15,50
PD15,2023-06-15,50
PD15,2023-07-15,50
PD15,2023-08-15,50
PD15,2023-09-15,50
PD15,2023-10-15,50
PD15,2023-11-15,50
PD15,2023-12-15,50
0101DD,2022-01-01,100
0101DD,2023-01-01,100
0202DD,2022-02-02,100
0202DD,2023-02-02,100
0303DD,2022-03-03,100
0303DD,2023-03-03,100
0404DD,2022-04-04,100
0404DD,2023-04-04,100
0505DD,2022-05-05,100
0505DD,2023-05-05,100
0606DD,2022-06-06,100
0606DD,2023-06-06,100
0707DD,2022-07-07,100
0707DD,2023-07-07,100
0808DD,2022-08-08,100
0808DD,2023-08-08,100
0909DD,2022-09-09,100
0909DD,2023-09-09,100
1010DD,2022-10-10,100
1010DD,2023-10-10,100
1111DD,2022-11-11,100
1111DD,2023-11-11,100
1212DD,2022-12-12,100
1212DD,2023-12-12,100